[
  {
    "nombre": "Jose Antonio Chirino",
    "usuario": "jose",
    "contrasena": "jose123",
    "departamento": "Corporativo",
    "activo": true,
    "estado": "Activo",
    "fecha_creacion": "2025-08-14T22:08:41.662Z",
    "fecha_baja": null
  },
  {
    "nombre": "Ricardo Rivas",
    "usuario": "rivas",
    "contrasena": "rivas123",
    "departamento": "Contabilidad",
    "activo": true,
    "estado": "Activo",
    "fecha_creacion": "2025-08-15T04:22:34.490Z",
    "fecha_baja": null
  }
]